,Photo,Product,Variants (flavors / sizes / colors),# Var,Price,Flag / Status,Product Page
,  PRE-WORKOUT & ENERGY,,,,,,
,     Fat Burn & Thermogenic,,,,,,
,,LFG Burn Thermogenic Pre-Workout,Razzle Dazzle (Purple/Blue Raspberry); Tropical (Tropical Fruit); Berry (Assorted Berry),3,$54.99,? Best Seller #17,https://www.buckedup.com/shop/fat-burn-and-thermogenic/lfg-burn-thermogenic-pre-workout
,,LFG Burn Thermogenic Pre-Workout Limited-Time Flavors,Blackberry Lemonade; Peach Lemonade; Dragon Fruit Lemonade,3,$54.99,NEW,https://www.buckedup.com/shop/fat-burn-and-thermogenic/LFG-Burn-Thermogenic-Pre-Workout-Limited-Time-Flavors
,     High Stimulant Pre-Workout,,,,,,
,,Woke AF - High Stimulant Pre-Workout,Rocket Pop (Blue Raspberry/Lime/Cherry); Blood Raz (Red Raspberry); Cherry Hard Candy; Blue Raz (Blue Raspberry); Grape Gainz; Killa OJ (Orange); Miami (Strawberry/Mango/Pineapple); Sour Gummy; Sour Bucks (Sour Gummy Candy); White Gummy Deer (Pineapple Gummy Bear); BKFC - Bare Knuckle Punch (Iced Lemonade); BKFC - Ice Cold,12,$54.99,? Best Seller #13,https://www.buckedup.com/shop/high-stimulant/woke-af-high-stimulant-pre-workout
,,Mother Bucker Pre-Workout,Miami (Strawberry/Mango/Pineapple); Gym-Junkie Juice (Red Raz/Orange); Rocket Pop (Blue Raz/Lime/Cherry); Musclehead Mango (Mango/Pineapple); Blue Cotton Candy; Strawberry Super Sets (Sour Strawberry Belts); BKFC - Ice Cold,7,$59.99,? Best Seller #14,https://www.buckedup.com/shop/high-stimulant/mother-bucker-pre-workout
,,BAMF - High Stimulant Nootropic Pre-Workout,Blue Raz-berry Beret (Blue Raspberry/Lemonade); Kiwi Do You Love Me? (Strawberry Kiwi); Gym N Juice (Citrus Blend); Pump N Grind (Grape/Green Apple); Sour Bucks (Sour Gummy Candy); Jungle Juice (Mixed Berry); Cherry Hard Candy; POG (Passion Fruit/Orange/Guava); White Gummy Deer (Pineapple Gummy Bear),9,$54.99,? Best Seller #15,https://www.buckedup.com/shop/high-stimulant/bamf-high-stimulant-nootropic-pre-workout
,,BAMF BLACK - High Stimulant Nootropic Pre-Workout,Welcome to Miami,1,$54.99,? Best Seller #16,https://www.buckedup.com/shop/high-stimulant/bamf-black
,,Black Ant Pre-Workout  Strength You Can Feel,Grape; Strawberry Lemonade; Tropical Punch; Citrus,4,$49.99 (Normal $69.99),? Best Seller #19,https://www.buckedup.com/shop/high-stimulant/black-ant-pre-workout
,,Candy Series Pre-Workout - Single Travel Tub,Sour Bucks (WOKE AF); White Gummy Deer (WOKE AF); Cherry Candy (WOKE AF); Sour Bucks (BAMF); White Gummy Deer (BAMF); Cherry Candy (BAMF),6,$20.99,,https://www.buckedup.com/shop/high-stimulant/pre-workout-candy-10-serv
,,LAST CHANCE FLAVORS - BAMF High Stimulant Nootropic Pre-Workout,Tart Candy,1,$34.99 (Normal $54.99),,https://www.buckedup.com/shop/high-stimulant/last-chance-bamf
,,Mother Bucker Pre-Workout - Swole Whip,Swole Whip (Pineapple/Mango/Vanilla Cream),1,$59.99,,https://www.buckedup.com/shop/high-stimulant/mother-bucker-swole-whip
,,WOKE AF BLACK - High Stimulant Pre-Workout,Sets on the Beach; Island Fusion,2,$54.99,,https://www.buckedup.com/shop/high-stimulant/black-woke-af-high-stimulant
,,Woke AF Pre-Workout - Swole Whip,Swole Whip (Pineapple/Mango/Vanilla Cream),1,$54.99,,https://www.buckedup.com/shop/high-stimulant/woke-af-pre-workout-swole-whip
,     On The Go Energy,,,,,,
,,PWR Buck Energy Pouches,Blue Raz (1 Pack); Blue Raz (5 Pack); Rocket Pop (1 Pack); Rocket Pop (5 Pack); Spearmint (1 Pack); Spearmint (5 Pack); Watermelon (1 Pack); Watermelon (5 Pack),8,$8.99 - $39.99,? Best Seller #2  ·  NEW,https://www.buckedup.com/shop/energy-supplements/pwr-buck-caffeine-energy-pouches-nicotine-free
,     Standard Stim Pre-Workout,,,,,,
,,Bucked Up BLACK Pre-Workout,Rainbow Rush (Peach/Strawberry/Kiwi); Deer Candy (Grape/Strawberry),2,$49.99,? Best Seller #11,https://www.buckedup.com/shop/standard-stim/black-pre-workout/rainbow-rush
,,Bucked Up Pre-Workout,Miami (Strawberry/Mango/Pineapple); Cherry Hard Candy; Rocket Pop (Blue Raspberry/Lime/Cherry); Blue Raz (Blue Raspberry); Blood Raz (Red Raspberry); Watermelon; White Gummy Deer (Pineapple Gummy Bear); Strawberry Kiwi; Grape Gainz; Killa OJ (Orange); Sour Bucks (Sour Gummy Candy),11,$49.99,? Best Seller #12,https://www.buckedup.com/shop/standard-stim/pre-workout-supplement/miami
,,Bucked Up Pre-Workout Limited-Time Flavors,Blackberry Lemonade; Dragon Fruit Lemonade; Peach Lemonade; Cherry Limeade; Crisp Apple,5,$49.99,NEW,https://www.buckedup.com/shop/standard-stim/Bucked-Up-Pre-Workout-Limited-Time-Flavors/dragon-fruit-lemonade
,     Stim Free & Pump,,,,,,
,,PUMP-OCALYPSE,Blueberry Pomegranate; Raspberry Lemonade; Blood Raz; Blue Raz; Miami (Strawberry/Mango/Pineapple); Tropical (Pineapple/Guava/Passion Fruit),6,$45.99,? Best Seller #18,https://www.buckedup.com/shop/stim-free-and-pump/bucked-up-pump-ocalypse
,,Beta-Alanine,Unflavored,1,$17.99,,https://www.buckedup.com/shop/stim-free-and-pump/das-labs-beta-alanine
,,Bucked Up - Non-Stimulant Pre-Workout,Pink Lemonade; Grape Gainz; Orange Mango; Raspberry Lime Ricky; Strawberry Kiwi,5,$49.99,,https://www.buckedup.com/shop/stim-free-and-pump/stim-free-supplement
,,L-Citrulline,120 Capsules,1,$19.99,,https://www.buckedup.com/shop/stim-free-and-pump/l-citrulline-capsules
,  DRINKS,,,,,,
,     Energy Drinks,,,,,,
,,2-Case Custom Bundle | Mix & Match Protein Sodas + Energy Drinks (24 Cans),"Bucked Up Energy: Dragon Fruit Lemonade, Cotton Candy, Mango Tango, BKFC Bare Knuckle Punch, White Gummy Deer, Killa OJ, Cherry Candy, Breezy Blast, Sour Bucks, Miami, Blood Raz, Wild Orchard, Rocket Pop, Grape, Variety Pack; Babe Energy: Cherry Blossom, Raspberry Twist; LFG Energy: Apple Orchard, Watermelon, Cherry Blast; Protein Soda: Orange Cream, Peach Mango, Green Apple, Cherry Limeade, Frosted Lemonade, Berry Blast, Banana Pineapple, Rainbow Candy",4,$99.99,,https://www.buckedup.com/shop/energy-drinks/two-case-custom-protein-energy-bundle
,,Babe Energy (2 Cases / 24 Cans),Cherry Blossom; Raspberry Twist,2,$79.99,,https://www.buckedup.com/shop/energy-drinks/babe-energy-drinks
,,Bucked Up Energy (2 Cases / 24 Cans),Dragon Fruit Lemonade; Cotton Candy; Mango Tango (Mango/Pineapple/Passion Fruit); BKFC Bare Knuckle Punch (Lemonade/Vanilla); White Gummy Deer (Pineapple Gummy Bear); Killa OJ (Orange); Cherry Candy (Cherry Hard Candy); Breezy Blast (Pineapple Cocktail); Sour Bucks (Sour Gummy Candy); Miami (Strawberry/Mango/Pineapple); Blood Raz (Red Raspberry); Wild Orchard (Green Apple/White Peach/White Grape); Rocket Pop (Blue Raspberry/Lime/Cherry); Grape; Energy Drinks - Exclusive Mixed Drinks,15,$79.99,NEW,https://www.buckedup.com/shop/energy-drinks/energy-case-web
,,Bucked Up Mini Energy Drink (7.5 oz) | 100 mg Caffeine | 1 Case / 24 Cans,Rocket Pop (Blue Raspberry/Lime/Cherry); Frosted Lemonade (Lemonade/Vanilla); Miami (Strawberry/Mango/Pineapple); White Gummy Deer (Pineapple Gummy Bear),4,$47.99,NEW,https://www.buckedup.com/shop/energy-drinks/bucked-up-mini-energy-drink-7oz
,,Refresher Energy Drinks (1 Case / 12 Cans),Strawberry Acai; Lemonade; Mango Dragon Fruit; Pineapple Mango; Variety Pack,5,$39.99,NEW,https://www.buckedup.com/shop/energy-drinks/bucked-up-refreshers
,     Hydration Drinks,,,,,,
,,Drive Hydration Drinks (1 Case / 12 Cans),Grape; Strawberry Lemonade; Mango Mandarin; Variety Pack,4,$39.99,NEW,https://www.buckedup.com/shop/hydration-drinks/drive-hydration
,     Protein Drinks,,,,,,
,,Protein Popcorn (1 Bag),Kettle Corn; Garlic Parmesan; Jalapeńo Cheddar; White Cheddar,4,$5.99,? Best Seller #1  ·  NEW,https://www.buckedup.com/shop/proteins/protein-popcorn
,,Collagen Peptides,Unflavored,1,$41.99,? Best Seller #8,https://www.buckedup.com/shop/proteins/bucked-up-collagen-peptides
,,Buck Feed Original Protein,"Chocolate; Snickerdoodle; Horchata (Rice, Cinnamon, Coconut); Swole Whip (Pineapple/Mango/Vanilla); Vanilla",5,$57.99,? Best Seller #20,https://www.buckedup.com/shop/proteins/buck-feed-original-protein
,,Babe Collagen,Chocolate; Blueberry Pomegranate,2,$41.99,,https://www.buckedup.com/shop/proteins/babe-collagen
,,Buck Feed All-Natural Protein,Chocolate,1,$68.99,,https://www.buckedup.com/shop/proteins/buck-feed-protein
,,"Bucked Up Protein Soda | Clear, Carbonated, 25g Protein, Zero Sugar (2 Cases / 24 Cans)",Orange Cream; Peach Mango; Green Apple; Cherry Limeade; Frosted Lemonade (Lemonade / Vanilla); Berry Blast; Banana Pineapple; Rainbow Candy,8,$119.99,,https://www.buckedup.com/shop/proteins/carbonated-protein-soda
,  CREATINE,,,,,,
,     Creatine Gummies,,,,,,
,,Creatine Gummies (24 Servings),Blue Blast; Knockout Punch; Melon Madness; Raspberry Blitz; Tropic Thunder,5,$34.99 (Sold Out),,https://www.buckedup.com/shop/creatine-gummies/creatine-gummies
,,Creatine Gummies Sampler,,,$4.99 (Sold Out),,https://www.buckedup.com/shop/creatine-gummies/creatine-gummies-sampler
,     Creatine Powder,,,,,,
,,Creatine Monohydrate,Unflavored (Original); Grape Apple; Mango Pineapple; Blue Raspberry; Fruit Punch,5,$29.99,? Best Seller #6,https://www.buckedup.com/shop/performance-supplements-creatine/creatine-monohydrate
,,Creatine Candy,"Heart Shaped Variety - (Tropical Blast, Cotton Candy, and Strawberry Cream); Blue Raz; Cherry; Green Apple; Tropical Blast; Variety - (Tropical/Watermelon/Green Apple/Blue Raz)",6,$31.99,? Best Seller #10  ·  NEW,https://www.buckedup.com/shop/performance-supplements-creatine/creatine-candy
,,All Bulk No Bloat,Swole Whip,1,$73.99,,https://www.buckedup.com/shop/performance-supplements-creatine/bucked-up-all-bulk-no-bloat
,,Babe Creatine - Creatine HCl Capsules,60 Capsules,1,$29.99,,https://www.buckedup.com/shop/performance-supplements-creatine/babe-creatine-capsules-for-women
,,Buck Build - Creatine + Glutamine,Unflavored,1,$73.99,,https://www.buckedup.com/shop/performance-supplements-creatine/buck-build-creatine-glutamine
,,Creatine Candy | Last Chance Flavors!,"Variety (Cotton Candy, Strawberry Cream, Tropical Blast)",1,$31.99,,https://www.buckedup.com/shop/performance-supplements-creatine/creatine-candy-clearance
,,Creatine HCl - CON-CR?Tź Creatine HCl Capsules,60 Capsules,1,$29.99,,https://www.buckedup.com/shop/performance-supplements-creatine/creatine-hcl-capsules
,,Six Point Creatine,Unflavored,1,$34.99,,https://www.buckedup.com/shop/performance-supplements-creatine/bucked-six-point-creatine
,  VITAMINS & WELLNESS,,,,,,
,     Antioxidants & Specialty,,,,,,
,,Flow | The Next Generation of Nitric Oxide (60 Servings),120 Capsules,1,$57.99,? Best Seller #3  ·  NEW,https://www.buckedup.com/shop/antioxidants-and-specialty/flow-nitric-oxide-adrenal-support-supplement
,,Himalayan Salt,180 Capsules,1,$17.99,,https://www.buckedup.com/shop/antioxidants-and-specialty/himalayan-salt-bucked-up
,,PeakO? Mushroom Blend  Adaptogenic Performance Powder,Unflavored (120g),1,$26.99,,https://www.buckedup.com/shop/antioxidants-and-specialty/bucked-up-peak-o2-advanced-mushroom-blend
,     Greens,,,,,,
,,Organic Greens,Mixed Berry; Unflavored,2,$41.99,? Best Seller #9,https://www.buckedup.com/shop/greens/bucked-up-organic-greens
,     Joint & Bone,,,,,,
,,RUT Testosterone Booster Bottle,90 capsules,1,$69.99,? Best Seller #4,https://www.buckedup.com/shop/vitamins-and-wellness/rut-testosterone-booster-supplement
,,Buck Naked,90 capsules (30 servings),1,$59.99,? Best Seller #5,https://www.buckedup.com/shop/vitamins-and-wellness/buck-naked
,,Biome Boost,60 capsules,1,$19.99,,https://www.buckedup.com/shop/vitamins-and-wellness/es-biome-boost
,,CLA,240 softgels (800mg),1,$26.99,,https://www.buckedup.com/shop/vitamins-and-wellness/das-labs-cla-240-softgels-1000-mg-total-liquid-sfg-800-mg-cla-sfg
,,Colostrum,30 servings (8oz); Unflavored,2,$36.99,,https://www.buckedup.com/shop/vitamins-and-wellness/colostrum-supplement
,,Flex - Bone and Joint Support,60 capsules (30 servings),1,$31.99,,https://www.buckedup.com/shop/vitamins-and-wellness/flex-bone-and-joint
,,HEAT Fat Burner Capsules - His,60 capsules,1,$45.99,,https://www.buckedup.com/shop/vitamins-and-wellness/heat-fat-burner
,,L-Glutamine Powder,50 servings (250g); Unflavored,2,$26.99,,https://www.buckedup.com/shop/vitamins-and-wellness/das-labs-l-glutamine
,,N-Acetyl L-Cysteine,120 capsules (600mg),1,$17.99,,https://www.buckedup.com/shop/vitamins-and-wellness/es-n-acetyl-l-cysteine
,,Yohimbine HCl,90 capsules (5mg),1,$12.99,,https://www.buckedup.com/shop/vitamins-and-wellness/yohimbine-hci
,     Multivitamins,,,,,,
,,Stag - Full Spectrum Vitamin Formula,60 Capsules,1,$31.99,? Best Seller #7,https://www.buckedup.com/shop/multivitamins/bucked-stag-vitamin
,,Babe Daily Multivitamin for Women,60 Capsules,1,$29.99,NEW,https://www.buckedup.com/shop/multivitamins/babe-daily-womens-multivitamin
,     Omegas & Healthy Fats,,,,,,
,,Fish Oil,60 Softgels,1,$20.99,,https://www.buckedup.com/shop/omegas-and-healthy-fats/das-labs-fish-oil
,  BCAA & AMINO ACIDS,,,,,,
,     BCAA,,,,,,
,,Original BCAA 2:1:1,Peach Ring; Strawberry Mojito (Strawberry/Lime/Mint); Apple Jacked (Green Apple); Blue Pineapple; Miami (Strawberry/Mango/Pineapple),5,$36.99,? Best Seller #21,https://www.buckedup.com/shop/bcaas/original-bcaa-2-1-1
,,RACKED BCAA Supplement,Blood Raz; Rocket Pop; Watermelon; White Gummy Deer,4,$45.99,? Best Seller #22,https://www.buckedup.com/shop/bcaas/bcaa-racked
,     EAAs,,,,,,
,,Essential Amino Acids,Peach; Pina Colada; Mandarin (Out of Stock); Grape (Out of Stock),4,$36.99,,https://www.buckedup.com/shop/eaas/Essentials-Amino-Acids
,  DEER ANTLER SPRAY,,,,,,
,     Deer Antler Spray,,,,,,
,,3 Bottles - Deer Antler Velvet Spray - Bulk,"His (Original Formula); Hers (Testosterone-free with Collagen Type II, Biotin, Green Tea, Epimedium)",2,$149.99,,https://www.buckedup.com/shop/deer-antler-spray/deer-antler-spray-90-day-supply
,,Deer Antler Velvet Spray - His,"Original Formula (Deer Antler Velvet, L-Arginine, Glutathione, Aloe Vera, Niacin, Epimedium, Tribulus Terrestris)",1,$52.99,,https://www.buckedup.com/shop/deer-antler-spray/deer-antler-spray
,  STACKS,,,,,,
,     Stacks,,,,,,
,,Babe Hormone Support Stack,3 babe greens or collagens available,1,$125.99,,https://www.buckedup.com/stacks/babe-hormone-health-stack
,,Babe Wellness Stack,,,$129.99,,https://www.buckedup.com/stacks/babe-wellness-stack
,,Babe Workout Stack,,,$106.99,,https://www.buckedup.com/stacks/babe-workout-stack
,,Beginner Stack,Bucked Up - Miami (Strawberry/Mango/Pineapple); Bucked Up - Cherry Hard Candy; Bucked Up - Rocket Pop (Blue Raspberry/Lime/Cherry); Bucked Up - Blue Raz (Blue Raspberry); Bucked Up - Blood Raz (Red Raspberry); Bucked Up - Watermelon; Bucked Up - White Gummy Deer (Pineapple Gummy Bear); Bucked Up - Strawberry Kiwi; Bucked Up - Grape Gainz; BCAA - Peach Ring; BCAA - Strawberry Mojito (Strawberry/Lime/Mint); BCAA - Apple Jacked (Green Apple); BCAA - Blue Pineapple; BCAA - Miami (Strawberry/Mango/Pineapple); RACKED - Blood Raz (+$8.00); RACKED - Rocket Pop (+$8.00); RACKED - Watermelon (+$8.00); Buck Feed OG Protein - Chocolate; Buck Feed OG Protein - Snickerdoodle,19,$143.99,,https://www.buckedup.com/stacks/beginner-stack
,,Dan Gardner's Stack,Mother Bucker - Miami (Strawberry/Mango/Pineapple); Mother Bucker - Gym-Junkie Juice (Red Raz/Orange); Mother Bucker - Rocket Pop (Blue Raz/Lime/Cherry); Mother Bucker - Musclehead Mango (Mango/Pineapple); Mother Bucker - Blue Cotton Candy; Mother Bucker - Strawberry Super Sets (Sour Strawberry Belts); Original BCAA - Peach Ring; Original BCAA - Strawberry Mojito (Strawberry/Lime/Mint); Original BCAA - Apple Jacked (Green Apple); Original BCAA - Blue Pineapple; Creatine Monohydrate - Unflavored (Original); Creatine Monohydrate - Grape Apple; Creatine Monohydrate - Mango Pineapple; Perfect Shaker - 28 oz - White / USA Flag Logo; Perfect Shaker - 28 oz - Blue / White (Out of Stock); Buck Feed OG Protein - Chocolate,16,$191.99,,https://www.buckedup.com/stacks/dan-gardner-stack
,,Fat Loss Biohack Stack,Bucked Up - Miami (Strawberry/Mango/Pineapple); Bucked Up - Cherry Hard Candy; Bucked Up - Rocket Pop (Blue Raspberry/Lime/Cherry); Bucked Up - Blue Raz (Blue Raspberry); Bucked Up - Blood Raz (Red Raspberry); Bucked Up - Watermelon; Bucked Up - White Gummy Deer (Pineapple Gummy Bear); Bucked Up - Strawberry Kiwi; Bucked Up - Grape Gainz; Heat - His; Heat - Hers; PUMP-ocalypse - None; PUMP-ocalypse - Blueberry Pomegranate; PUMP-ocalypse - Raspberry Lemonade; PUMP-ocalypse - Blood Raz; PUMP-ocalypse - Blue Raz; PUMP-ocalypse - Miami (Strawberry/Mango/Pineapple),17,$137.99,,https://www.buckedup.com/stacks/fat-loss-biohack
,,Muscle Building Biohack Stack,,,$232.99,,https://www.buckedup.com/stacks/muscle-building-bio-hack
,,Muscle Building Pro Stack,,,$312.99,,https://www.buckedup.com/stacks/muscle-building-pro-stack
,,Muscle Building Starter Stack,,,$115.99,,https://www.buckedup.com/stacks/muscle-building-starter-stack
,,Vital Wellness Stack,2 full-spectrum multivitamins available,1,$132.99,,https://www.buckedup.com/stacks/vital-wellness-stack
,,Weight Loss Pro Stack,Bucked Up - Miami (Strawberry/Mango/Pineapple); Bucked Up - Strawberry Lime; Peach Mango Racked BCAA; Stag - For Him Vitamin Formula; Doe - For Her Vitamin Formula; Vanilla Protein; Blueberry Pomegranate PUMP-ocalypse; Neon Pink Shaker,8,$240.99,,https://www.buckedup.com/stacks/weight-loss-pro
,,Weight Loss Starter Stack,Bucked Up - Miami (Strawberry/Mango/Pineapple); Bucked Up - Cherry Hard Candy; Bucked Up - Rocket Pop (Blue Raspberry/Lime/Cherry); Bucked Up - Blue Raz (Blue Raspberry); Bucked Up - Blood Raz (Red Raspberry); Bucked Up - Watermelon; Bucked Up - White Gummy Deer (Pineapple Gummy Bear); Bucked Up - Strawberry Kiwi; Bucked Up - Grape Gainz; Racked BCAA - Flavor (Various); Perfect Shaker - Color (Various),11,$99.99,,https://www.buckedup.com/stacks/weight-loss-starter
,  BABE BY BUCKED UP,,,,,,
,     Babe By Bucked Up,,,,,,
,,Babe Balance,90 Capsules (30 Servings),1,$45.99,,https://www.buckedup.com/shop/babe/babe-balance
,,Babe Bikini,90 Capsules (30 Servings),1,$59.99,,https://www.buckedup.com/shop/babe/bikini-babe
,,Babe Boost - 30 Count,"Black Cherry; Sour Watermelon; Blue Pineapple; Peach Mango; Variety Pack (10 of each - Black Cherry, Blue Pineapple, and Peach Mango); Pink Lemonade",6,$52.99,,https://www.buckedup.com/shop/babe/babe-boost
,,Babe Club Crewneck - Oversized Crewneck Sweater,Neon Pink - Pink Logo; White - Pink Logo; Gray - Gray Logo; S; M; L,6,$57.99,,https://www.buckedup.com/shop/babe/babe-club-crewneck-sweater
,,Babe Club Sweat Shorts,Gray - Gray Logo; Pink - White Logo; S,3,$41.99,,https://www.buckedup.com/shop/babe/babe-club-sweat-shorts
,,Babe Compression Biker Shorts,Navy - Navy Logo; Gray - Gray Logo; Brown - White Logo; XS; S; M; L; XL,8,$31.99,,https://www.buckedup.com/shop/babe/babe-compression-shorts
,,Babe Compression Sports Bra,Black - Silver Logo; Navy - Navy Logo; Brown - White Logo; XS; S; M; XL,7,$34.99,NEW,https://www.buckedup.com/shop/babe/babe-compression-sports-bra
,,Babe Insulated Stainless Steel Shaker Bottle  22oz,White,1,$29.99,,https://www.buckedup.com/shop/babe/babe-insulated-steel-shaker-bottle
,,Babe Love,60 Capsules (30 Servings),1,$45.99,,https://www.buckedup.com/shop/babe/babe-love
,,Babe Organic Greens,Orange Sunrise,1,$41.99,,https://www.buckedup.com/shop/babe/babe-greens
,,Babe Pre-Workout,Fruit Punch; Watermelon Splash (Strawberry/Watermelon); Pink Lemonade; Peach Mango; Sparkling Orchard (Green Apple/White Peach/White Grape),5,$49.99,,https://www.buckedup.com/shop/babe/babe-pre-workout-supplement
,,Babe Ribbed Lounge Pants,Brown - White Logo; Black - White Logo; Gray - White Logo; S; XL,5,$41.99,NEW,https://www.buckedup.com/babe/Babe-Ribbed-Lounge-Pants
,,Babe Ribbed Lounge T-Shirt,Black - White Logo; Gray - White Logo; S,3,$26.99,,https://www.buckedup.com/shop/babe/Babe-Ribbed-Lounge-T-Shirt
,,Babe Shaker - 24 oz,Clear/Pink,1,$8.99,,https://www.buckedup.com/shop/babe/babe-shaker
,  CLEARANCE & LAST CHANCE,,,,,,
,     Clearance & Last Chance,,,,,,
,,4-Inch Elite Leather Lifting Belt,"Small, Medium, Large, XL",1,$13.99 (was $20.99),CLEARANCE,https://www.buckedup.com/last-chance/4-inch-elite-leather-belt
,,4-Inch Leather Padded Lifting Belt,3 Colors Available; 4 Sizes Available,2,$32.99 (was $48.99),CLEARANCE,https://www.buckedup.com/last-chance/4-inch-leather-padded-lifting-belt
,,6-Inch Foam Dual Function Belt,3 Colors Available; 4 Sizes Available,2,$32.99 (was $48.99),CLEARANCE,https://www.buckedup.com/last-chance/6-inch-foam-dual-function-belt
,,Athletic Short 6,Color: Black / Black Logo; Color: Sky Blue; Color: Dark Gray; Size: S (Out of Stock); Size: M (Out of Stock); Size: L (Out of Stock); Size: XL (Out of Stock); Size: 2XL; Size: 3XL,9,$29.99 (was $45.99),CLEARANCE,https://www.buckedup.com/last-chance/athletic-shorts
,,Babe Booty Band Set,1 Set Available,1,$19.99,CLEARANCE,https://www.buckedup.com/last-chance/babe-booty-band-set-clearance
,,Base Short 6,Color: Orange / Silver Logo; Color: Sky Blue; Color: Red; Color: Pink; Color: Black; Size: XS; Size: S; Size: M; Size: L; Size: XL (Out of Stock),10,$36.99,CLEARANCE,https://www.buckedup.com/last-chance/6-inch-bike-shorts
,,Baseball Snapback - Script,2 Colors Available,1,$26.99,CLEARANCE,https://www.buckedup.com/last-chance/original-baseball-hat
,,Booty Bands Set,3 Resistance Levels,1,$7.99 (was $11.99),CLEARANCE,https://www.buckedup.com/last-chance/booty-bands-set
,,Brain Gainz,Day and Night Use (240 Capsules),1,$39.99 (was $62.99),CLEARANCE,https://www.buckedup.com/shop/last-chance/brain-gainz
,,BU Baseball Hat,2 Colors Available,1,$25.99,CLEARANCE,https://www.buckedup.com/last-chance/bu-baseball-cap
,,Bucked Up Frother,One Size,1,$7.99 (was $11.99),CLEARANCE,https://www.buckedup.com/last-chance/bucked-up-frother
,,Car Sticker,3 Colors Available,1,$8.49 (was $12.99),CLEARANCE,https://www.buckedup.com/last-chance/bucked-up-logo-sticker-1576706422
,,Cinch Bag,One Size,1,$4.99 (was $6.99),CLEARANCE,https://www.buckedup.com/last-chance/cinch-bag
,,Classic Crew Socks (3 pack),One Size (Fits Men's 8-12),1,$18.99,CLEARANCE,https://www.buckedup.com/last-chance/classic-crew-socks
,,Classic No-Show Socks (3 pack),2 Colors Available; 2 Sizes Available,2,$16.99,CLEARANCE,https://www.buckedup.com/last-chance/classic-no-show-socks-3-pack
,,Cropped Fitted Tee,Color: Black / Silver Logo; Color: White; Size: S (Out of Stock); Size: M; Size: L,5,$24.99,CLEARANCE,https://www.buckedup.com/shop/last-chance/cropped-fitted-tee
,,Crossover Leggings,Color: Black / Silver Logo; Size: XS; Size: S; Size: M; Size: L; Size: XL,6,$30.99 (was $46.99),CLEARANCE,https://www.buckedup.com/last-chance/cross-over-leggings
,,Curved Hem Hoodie,Color: White / Black Logo; Size: S; Size: M (Out of Stock); Size: L (Out of Stock); Size: XL (Out of Stock); Size: 2XL (Out of Stock),6,$49.99 (was $57.99),CLEARANCE,https://www.buckedup.com/shop/last-chance/mens-curved-hem-hoodie
,,Deer Antler Velvet Spray Hers,Hers version,1,$52.99,CLEARANCE,https://www.buckedup.com/shop/last-chance?product_id=1378
,,Faster Stronger Better T-Shirt,Color: White - Black Logo; Size: S (Out of Stock); Size: M; Size: L; Size: XL; Size: 2XL (Out of Stock),6,$31.99 (was $36.99),CLEARANCE,https://www.buckedup.com/shop/last-chance/faster-stronger-better-t-shirt
,,Freedom Trucker Hat,One Size,1,$25.99,CLEARANCE,https://www.buckedup.com/last-chance/freedom-trucker-hat
,,Full Zip Windbreaker,Color: Powder Blue / Blue Logo; Color: Black; Color: White; Size: S; Size: M; Size: L,6,$38.99 (was $57.99),CLEARANCE,https://www.buckedup.com/shop/last-chance/Full-Zip-Windbreaker
,,Heavyweight Pump Cover T-Shirt | Last Chance!,Color: Basil / Green Logo; Color: Red; Color: Tan; Size: S; Size: M; Size: L; Size: XL; Size: 2XL,8,$41.99,NEW  ·  CLEARANCE,https://www.buckedup.com/shop/last-chance/heavyweight-pump-cover-clearance
,,Lined Golf Mock Polo,Color: Black / Silver Logo; Size: S; Size: M; Size: L (Out of Stock); Size: XL (Out of Stock); Size: 2XL (Out of Stock); Size: 3XL,7,$27.99 (was $41.99),CLEARANCE,https://www.buckedup.com/shop/last-chance/lined-golf-mock-polo
,,Liner Shorts | Last Chance!,Color: White / Black Logo; Size: S (Out of Stock); Size: M (Out of Stock); Size: L (Out of Stock); Size: XL (Out of Stock); Size: 2XL,6,$34.99,CLEARANCE,https://www.buckedup.com/last-chance/bucked-up-liner-shorts-clearance
,,Men's Buck Beater Tank,Color: Black - Gray Logo; Color: Heather Gray; Size: S; Size: M; Size: L; Size: XL; Size: 2XL,7,$26.99,CLEARANCE,https://www.buckedup.com/shop/last-chance/buck-beater
,,Microfiber Gym Towel,2 Sizes Available; 3 Colors Available,2,$10.99 (was $15.99),CLEARANCE,https://www.buckedup.com/last-chance/microfiber-gym-towel
,,Momentum Unlined Short 7,Color: Heather Gray / Dark Gray Logo; Color: Black; Color: Dark Gray; Size: S; Size: M (Out of Stock); Size: L (Out of Stock); Size: XL (Out of Stock); Size: 2XL (Out of Stock),8,$36.99 (was $45.99),CLEARANCE,https://www.buckedup.com/last-chance/momentum-7-inch-shorts
,,Movement Tank,Color: Black / Silver Logo; Size: S; Size: M (Out of Stock); Size: L (Out of Stock); Size: XL (Out of Stock); Size: 2XL (Out of Stock); Size: 3XL (Out of Stock),7,$21.99 (was $31.99),CLEARANCE,https://www.buckedup.com/shop/last-chance/movement-tank
,,One More Set T-Shirt,Color: Black - Black Logo; Color: Grey; Color: Off-White; Size: S; Size: M; Size: L (Out of Stock); Size: XL (Out of Stock); Size: 2XL (Out of Stock),8,$24.99,CLEARANCE,https://www.buckedup.com/shop/last-chance/one-more-set-t-shirt
,,Perfect Shaker - 20 OZ,20 OZ,1,$4.99 (was $8.99),CLEARANCE,https://www.buckedup.com/shop/last-chance/perfect-shaker-20oz
,,Performance Towel,One Size,1,$10.99 (was $15.99),CLEARANCE,https://www.buckedup.com/last-chance/performance-towels
,,Premium Resistance Bands,3 Sizes Available,1,$8.99 (was $13.99),CLEARANCE,https://www.buckedup.com/last-chance/resistance-bands
,,Premium Series Hat - Monochrome,One Color Available,1,$36.99,CLEARANCE,https://www.buckedup.com/last-chance/waterproof-buck-golf-hat
,,Resistance Band Loop Set,Multi-resistance Set,1,$13.99 (was $20.99),CLEARANCE,https://www.buckedup.com/last-chance/resistance-band-loop-set
,,"Richardson Trucker Hat  White Body, White Mesh",2 Colors Available,1,$25.99,CLEARANCE,https://www.buckedup.com/last-chance/richardson-white-trucker-hat
,,Rise Like a Buck T-Shirt | Last Chance!,Color: Off-White / Black Logo; Size: S; Size: M; Size: L; Size: XL; Size: 2XL (Out of Stock),6,$41.99,NEW  ·  CLEARANCE,https://www.buckedup.com/shop/last-chance/rise-like-a-buck-clearance
,,Shaker Soap Refill - 30 Pack,30 Pack,1,$5.99 (was $9.99),CLEARANCE,https://www.buckedup.com/last-chance/30-pack-shaker-soap-refill
,,Slim Fit Sweatpants,Color: Black / White Logo; Color: Heather Gray; Color: Sage; Size: S; Size: M; Size: L; Size: XL; Size: 2XL; Size: 3XL,9,$49.99 (was $62.99),CLEARANCE,https://www.buckedup.com/last-chance/bucked-up-sweatpants
,,Square Neck Tank Top,Color: Red - Silver Logo; Color: Black; Color: White; Size: XS; Size: S; Size: M; Size: L (Out of Stock); Size: XL,8,$36.99,CLEARANCE,https://www.buckedup.com/shop/last-chance/women-square-neck-tank
,,Staple Leggings,Color: Black / Silver Logo; Size: XS; Size: S; Size: M (Out of Stock); Size: L; Size: XL (Out of Stock),6,$27.99,CLEARANCE,https://www.buckedup.com/last-chance/staple-leggings
,,Trucker Hat - Foam,2 Colors Available,1,$29.99 (was $31.99),CLEARANCE,https://www.buckedup.com/last-chance/swirl-foam-trucker
,,Women's Full Zip Workout Jacket,Color: White - Silver Logo; Color: Black; Size: XS; Size: S (Out of Stock); Size: M (Out of Stock); Size: L; Size: XL,7,$34.99 (was $52.99),CLEARANCE,https://www.buckedup.com/last-chance/women-workout-jacket
,,Women's Zip Hoodie,Color: Black - White Logo; Size: XS; Size: S; Size: M (Out of Stock); Size: L; Size: XL (Out of Stock),6,$49.99 (was $52.99),CLEARANCE,https://www.buckedup.com/last-chance/women-zip-hoodie
,,Y-Back Stringer Tank - Clearance,Color: Heather Gray; Size: S; Size: M; Size: L (Out of Stock); Size: XL; Size: 2XL,6,$17.99 (was $26.99),CLEARANCE,https://www.buckedup.com/shop/last-chance/y-back-stringer-clearance
,  APPAREL & GEAR,,,,,,
,     Apparel & Gear Clearance,,,,,,
,,Comp Ankle Strap,Pair of ankle straps for cable machines,1,$15.99 $23.99,,https://www.buckedup.com/apparel-and-gear-clearance?product_id=1208
,     Apparel New Arrivals,,,,,,
,,Army Duck Camo BuckedUp Pullover Hoodie,XS; S; M; L; XL; 2XL,6,from $69.99,,https://buckedupapparel.com/collections/new-products/products/army-duck-camo-buckedup-pullover-hoodie
,,Army Duck Camo with Classic BuckedUpź Logo Leggings,XS; S; M; L; XL; 2XL,6,$54.99,,https://buckedupapparel.com/collections/new-products/products/army-duck-camo-with-classic-buckedup-logo-leggings
,,Blackbuck Products Deer Stand Power Bank with Solar Panel,1,1,$189.99,,https://buckedupapparel.com/collections/new-products/products/blackbuck-products-deer-stand-power-bank-with-solar-panel
,,Buck Duck Camo BuckedUp Pullover Hoodie,XS; S; M; L; XL; 2XL,6,from $69.99,,https://buckedupapparel.com/collections/new-products/products/buck-duck-camo-buckedup-pullover-hoodie
,,BuckedUp American Beach Towel,30,1,$24.99,,https://buckedupapparel.com/collections/new-products/products/buckedup-american-beach-towel
,,BuckedUp Florida Beach Towel,30,1,$24.99,,https://buckedupapparel.com/collections/new-products/products/buckedup-floridca-beach-towel
,,BuckedUp Tactical Pocket Knife Gray - BACK IN STOCK,1,1,$29.99,,https://buckedupapparel.com/collections/new-products/products/buckedup-tactical-pocket-knife
,,BuckedUp Tactical Pocket Knife Western Damascus Steel- BACK IN STOCK,1,1,$29.99,,https://buckedupapparel.com/collections/new-products/products/buckedup-tactical-pocket-knife-1
,,BuckedUp Tactical Pocket Knife-BACK IN STOCK,1,1,$29.99,,https://buckedupapparel.com/collections/new-products/products/untitled-nov18_09-39
,,BuckedUp Ups Pullover Hoodie,XS; S; M; L; XL; 2XL,6,from $69.99,,https://buckedupapparel.com/collections/new-products/products/buckedup-ups-pullover-hoodie
,,BuckedUpź Leather Patch 7 Panel Hi Profile Gray Camo with Green Mesh Snapback,1,1,$32.99,,https://buckedupapparel.com/collections/new-products/products/buckedup-leather-patch-7-panel-hi-profile-cream-camo-with-tan-mesh-snapback
,,BuckedUpź Leather Patch Cream Duck Camo with Tan Mesh Snapback,1,1,$32.99,,https://buckedupapparel.com/collections/new-products/products/buckedup-leather-patch-7-panel-hi-profile-cream-camo-with-tan-mesh-snapback-2
,,BuckedUpź Leather Patch Digital Camo with Light Green Mesh Snapback,1,1,$32.99,,https://buckedupapparel.com/collections/new-products/products/buckedup-leather-patch-cream-duck-camo-with-tan-mesh-snapback
,,BuckedUpź Leather Patch Green Mutlicam Camo with Green Mesh Snapback,1,1,$32.99,,https://buckedupapparel.com/collections/new-products/products/buckedup-leather-patch-mutlicam-camo-with-brown-mesh-snapback-2
,,BuckedUpź Leather Patch Harvest Duck Camo with Green Mesh Snapback,1,1,$32.99,,https://buckedupapparel.com/collections/new-products/products/buckedup-leather-patch-white-duck-camo-with-white-mesh-snapback
,,BuckedUpź Leather Patch Tan Multicam Camo with Tan Mesh Snapback,1,1,$32.99,,https://buckedupapparel.com/collections/new-products/products/buckedup-leather-patch-mutlicam-camo-with-brown-mesh-snapback-1
,,BuckedUpź Leather Patch White Duck Camo with White Mesh Snapback,1,1,$32.99,,https://buckedupapparel.com/collections/new-products/products/buckedup-leather-patch-white-duck-camo-with-tan-mesh-snapback
,,BuckedUpź Nasrack In White Letters Pullover Hoodie,Black; Red; Military Green; Sand; Charcoal; S; M; L; XL; 2XL; 3XL; 4XL; 5XL,13,$49.99,,https://buckedupapparel.com/collections/new-products/products/buckedup-nasrack-in-white-letters-pullover-hoodie
,,BuckedUpź Shit Yea In White Letters Pullover Hoodie,Black; Red; Military Green; Sand; Charcoal; S; M; L; XL; 2XL; 3XL; 4XL; 5XL,13,$49.99,,https://buckedupapparel.com/collections/new-products/products/buckedup-shit-yea-in-white-letters-pullover-hoodie
,,Carbon Fiber BuckedUp wallet with RFID Blocking,SOLD OUT,1,$29.99,,https://buckedupapparel.com/collections/new-products/products/carbon-fiber-buckedup-wallet-with-rfi-blocking
,,Crop Top  He's Back In The Woods Again,Heather True Royal; Black; Pink; S; M; L; XL,7,$34.88,,https://buckedupapparel.com/collections/new-products/products/crop-top-hes-back-in-the-woods-again
,,Duck AmeriCamo BuckedUp Pullover Hoodie,XS; S; M; L; XL; 2XL,6,from $69.99,,https://buckedupapparel.com/collections/new-products/products/duck-americamo-buckedup-pullover-hoodie
,,Duck Huntress Camo BuckedUp Pullover Hoodie,XS; S; M; L; XL; 2XL,6,from $69.99,,https://buckedupapparel.com/collections/new-products/products/duck-cutie-camo-buckedup-pullover-hoodie
,,Duck Huntress Camo with Classic BuckedUpź Logo Leggings,XS; S; M; L; XL; 2XL,6,$54.99,,https://buckedupapparel.com/collections/new-products/products/duck-cutie-camo-with-classic-buckedup-logo-leggings
,,Ghost Duck Camo BuckedUp Pullover Hoodie,XS; S; M; L; XL; 2XL,6,from $69.99,,https://buckedupapparel.com/collections/new-products/products/ghost-duck-camo-buckedup-pullover-hoodie
,,Girly Duck Camo BuckedUp Pullover Hoodie,XS; S; M; L; XL; 2XL,6,from $69.99,,https://buckedupapparel.com/collections/new-products/products/girly-duck-camo-buckedup-pullover-hoodie
,,Hunt 24:7 Ghost Camo T-Shirt,Charcoal; Black; Dark Heather; S; M; L; XL; 2XL; 3XL,9,from $24.99,,https://buckedupapparel.com/collections/new-products/products/hunt-24-7-ghost-camo-t-shirt
,,Hunter Green BuckedUp Wallet with RFID Blocking,Green,1,$29.99,,https://buckedupapparel.com/collections/new-products/products/hunter-green-buckedup-wallet-with-rfi-blocking
,,Pink Duck Camo BuckedUp Pullover Hoodie,XS; S; M; L; XL; 2XL,6,from $69.99,,https://buckedupapparel.com/collections/new-products/products/pink-duck-camo-buckedup-pullover-hoodie
,,Short Sleeve Black Blue Gill BuckedUp Hunting T-Shirt,Black; S; M; L; XL; 2XL; 3XL,7,from $26.99,,https://buckedupapparel.com/collections/new-products/products/busch-buckedup-hunting-t-shirt
,,Short Sleeve Black with Blue Jeans BuckedUpź Logo,Black; Orange; S; M; L; XL; 2XL; 3XL,8,from $26.99,,https://buckedupapparel.com/collections/new-products/products/short-sleeve-black-with-blue-jeans-buckedup-logo
,,Short Sleeve Black with Duck Camo BuckedUpź Logo,Black; Orange; S; M; L; XL; 2XL; 3XL,8,from $26.99,,https://buckedupapparel.com/collections/new-products/products/short-sleeve-black-with-buck-camo-buckedup-logo-1
,,Short Sleeve Black with Georgia Clay BuckedUpź Logo,Dark Chocolate; Black; Sand; S; M; L; XL; 2XL; 3XL,9,from $26.99,,https://buckedupapparel.com/collections/new-products/products/short-sleeve-black-with-georgia-clay-buckedup-logo
,,Short Sleeve BuckedUpź Always In Rut In Softstyle T-Shirt,Black; S; M; L; XL; 2XL; 3XL,7,from $26.99,,https://buckedupapparel.com/collections/new-products/products/short-sleeve-buckedup-always-in-rut-in-softstyle-t-shirt
,,Short Sleeve BuckedUpź American Softstyle T-Shirt,Black; S; M; L; XL; 2XL; 3XL,7,from $26.99,,https://buckedupapparel.com/collections/new-products/products/short-sleeve-buckedup-buckweiser-redneck-softstyle-t-shirt-1
,,Short Sleeve BuckedUpź Baby Buck Down Softstyle T-Shirt,Charcoal; Light Blue; Royal; White; Military Green; Sapphire; Gold; Sand; Orange; S; M; L; XL; 2XL; 3XL,15,from $26.99,,https://buckedupapparel.com/collections/new-products/products/copy-of-short-sleeve-buckedup-baby-buck-down-softstyle-t-shirt
,,Short Sleeve BuckedUpź BACKSTRAP It's What's for Supper T-Shirt,Black; S; M; L; XL; 2XL; 3XL,7,from $26.99,,https://buckedupapparel.com/collections/new-products/products/short-sleeve-buckedup-backstrap-its-whats-for-supper-softstyle-t-shirt
,,Short Sleeve BuckedUpź Big Buck Down Softstyle T-Shirt,Charcoal; Light Blue; Royal; White; Military Green; Sapphire; Gold; Sand; Orange; S; M; L; XL; 2XL; 3XL,15,from $26.99,,https://buckedupapparel.com/collections/new-products/products/short-sleeve-buckedup-big-buck-down-softstyle-t-shirt
,,Short Sleeve BuckedUpź Button Buck Down Softstyle T-Shirt,Charcoal; Light Blue; Royal; White; Military Green; Sapphire; Gold; Sand; Orange; S; M; L; XL; 2XL; 3XL,15,from $26.99,,https://buckedupapparel.com/collections/new-products/products/short-sleeve-buckedup-button-buck-down-softstyle-t-shirt
,,Short Sleeve BuckedUpź Camp Bitch Duck Buck Camo Softstyle T-Shirt,Dark Chocolate; Black; Sand; S; M; L; XL; 2XL; 3XL,9,from $26.99,,https://buckedupapparel.com/collections/new-products/products/short-sleeve-buckedup-camp-bitch-duck-buck-camo-softstyle-t-shirt
,,Short Sleeve BuckedUpź Camp Bitch Duck Huntress Camo T-Shirt,Charcoal; Dark Chocolate; Black; Dark Heather; S; M; L; XL; 2XL; 3XL,10,from $26.99,,https://buckedupapparel.com/collections/new-products/products/short-sleeve-buckedup-camp-bitch-duck-cutie-camo-softstyle-t-shirt
,,Short Sleeve BuckedUpź Deer Police T-Shirt,Charcoal; Dark Chocolate; Black; Military Green; Dark Heather; S; M; L; XL; 2XL; 3XL,11,from $26.99,,https://buckedupapparel.com/collections/new-products/products/short-sleeve-buckedup-deer-police-softstyle-t-shirt
,,Short Sleeve BuckedUpź Duck AmeriCamo Trump 45-47 Softstyle T-Shirt,Black; S; M; L; XL; 2XL; 3XL,7,from $26.99,,https://buckedupapparel.com/collections/new-products/products/short-sleeve-buckedup-trump-45-47-softstyle-t-shirt
,,Short Sleeve BuckedUpź Duck Army Camo Trump 45-47 Softstyle T-Shirt,Charcoal; Black; Military Green; S; M; L; XL; 2XL; 3XL,9,from $26.99,,https://buckedupapparel.com/collections/new-products/products/short-sleeve-buckedup-duck-army-camo-trump-45-47-softstyle-t-shirt
,,Short Sleeve BuckedUpź Duck Black Camo Trump 45-47 Softstyle T-Shirt,Black; S; M; L; XL; 2XL; 3XL,7,from $26.99,,https://buckedupapparel.com/collections/new-products/products/short-sleeve-buckedup-duck-black-camo-trump-45-47-softstyle-t-shirt
,,Short Sleeve BuckedUpź Duck Girly Camo Trump 45-47 Softstyle T-Shirt,"Charcoal; Black; S; M; L; XL; 2XL, 3XL",7,from $26.99,,https://buckedupapparel.com/collections/new-products/products/short-sleeve-buckedup-duck-girly-camo-trump-45-47-softstyle-t-shirt
,,Short Sleeve BuckedUpź Duck Huntress Camo Trump 45-47 T-Shirt,Charcoal; Black; S; M; L; XL; 2XL; 3XL,8,from $26.99,,https://buckedupapparel.com/collections/new-products/products/short-sleeve-buckedup-duck-cutie-camo-trump-45-47-softstyle-t-shirt
,,Short Sleeve BuckedUpź Duck Pink Camo Trump 45-47 Softstyle T-Shirt,Charcoal; White; Black; Dark Heather; S; M; L; XL; 2XL; 3XL,10,from $26.99,,https://buckedupapparel.com/collections/new-products/products/short-sleeve-buckedup-duck-pink-camo-trump-45-47-softstyle-t-shirt
,,Short Sleeve BuckedUpź Duck Swanp Camo Trump 45-47 Softstyle T-Shirt,Black; Military Green; Orange; S; M; L; XL; 2XL; 3XL,9,from $26.99,,https://buckedupapparel.com/collections/new-products/products/short-sleeve-buckedup-duck-swanp-camo-trump-45-47-softstyle-t-shirt
,,Short Sleeve BuckedUpź Duck Teal Camo Trump 45-47 Softstyle T-Shirt,Charcoal; Black; S; M; L; XL; 2XL; 3XL,8,from $26.99,,https://buckedupapparel.com/collections/new-products/products/short-sleeve-buckedup-duck-teal-camo-trump-45-47-softstyle-t-shirt
,,Short Sleeve BuckedUpź Duck White Camo Trump 45-47 Softstyle T-Shirt,Charcoal; Black; Orange; Dark Heather; S; M; L; XL; 2XL; 3XL,10,from $26.99,,https://buckedupapparel.com/collections/new-products/products/short-sleeve-buckedup-duck-white-camo-trump-45-47-softstyle-t-shirt
,,Short Sleeve BuckedUpź He's Back In Black Letters Softstyle T-Shirt,Light Blue; White; Military Green; Orange; Heather Red; Gold; Ice Grey; Sand; S; M; L; XL; 2XL; 3XL,14,from $26.25,,https://buckedupapparel.com/collections/new-products/products/short-sleeve-buckedup-hes-back-in-black-letters-softstyle-t-shirt
,,Short Sleeve BuckedUpź He's Back In White Letters Softstyle T-Shirt,Charcoal; Red; Black; Military Green; Orange; Sapphire; Dark Heather; Tropical Blue; S; M; L; XL; 2XL; 3XL,14,from $26.25,,https://buckedupapparel.com/collections/new-products/products/short-sleeve-buckedup-hes-back-in-white-letters-softstyle-t-shirt
,,Short Sleeve BuckedUpź Hog Sniper T-Shirt,Charcoal; Black; S; M; L; XL; 2XL; 3XL,8,from $26.99,,https://buckedupapparel.com/collections/new-products/products/short-sleeve-buckedup-hog-sniper-softstyle-t-shirt
,,Short Sleeve BuckedUpź Hunt to Eat T-Shirt,Charcoal; Black; S; M; L; XL; 2XL; 3XL,8,from $26.99,,https://buckedupapparel.com/collections/new-products/products/short-sleeve-buckedup-hunt-to-eat-softstyle-t-shirt
,,Short Sleeve BuckedUpź I Let the Dogs Out T-Shirt,Charcoal; Black; Military Green; S; M; L; XL; 2XL; 3XL,9,from $26.99,,https://buckedupapparel.com/collections/new-products/products/short-sleeve-buckedup-i-let-the-dogs-out-softstyle-t-shirt
,,Short Sleeve BuckedUpź I Shoot Shit T-Shirt,Charcoal; Black; Military Green; S; M; L; XL; 2XL; 3XL,9,from $26.99,,https://buckedupapparel.com/collections/new-products/products/short-sleeve-buckedup-rookie-aka-gut-shot-softstyle-t-shirt
,,Short Sleeve BuckedUpź Nasrack In White Letters Softstyle T-Shirt,Charcoal; Red; White; Black; S; M; L; XL; 2XL; 3XL,10,from $26.99,,https://buckedupapparel.com/collections/new-products/products/copy-of-short-sleeve-buckedup-nasrack-in-white-letters-softstyle-t-shirt
,,Short Sleeve BuckedUpź Nation Softstyle T-Shirt,Charcoal; Dark Chocolate; Royal; White; Black; Heather Navy; Dark Heather; Sand; Orange; S; M; L; XL; 2XL; 3XL,15,from $26.99,,https://buckedupapparel.com/collections/new-products/products/short-sleeve-buckedup-nation-softstyle-t-shirt
,,Short Sleeve BuckedUpź Shit Yea In White Letters Softstyle T-Shirt,Charcoal; Red; White; Black; S; M; L; XL; 2XL; 3XL,10,from $26.99,,https://buckedupapparel.com/collections/new-products/products/short-sleeve-buckedup-shit-yea-in-white-letters-softstyle-t-shirt
,,Short Sleeve BuckedUpź Shit Yea Softstyle T-Shirt,Charcoal; White; Black; Military Green; Orange; S; M; L; XL; 2XL; 3XL,11,from $26.99,,https://buckedupapparel.com/collections/new-products/products/short-sleeve-buckedup-shit-yea-softstyle-t-shirt
,,Short Sleeve BuckedUpź Venison It's What's for Supper T-Shirt,Black; S; M; L; XL; 2XL; 3XL,7,from $26.99,,https://buckedupapparel.com/collections/new-products/products/short-sleeve-buckedup-venison-its-whats-for-supper-softstyle-t-shirt
,,Short Sleeve Natural Hunter Logo T-Shirt,Natural; S; M; L; XL; 2XL; 3XL,7,from $26.99,,https://buckedupapparel.com/collections/new-products/products/naturellyt-hunting-deer-t-shirt
,,Short Sleeve Navy Blue Gill BuckedUp Hunting T-Shirt,Navy; S; M; L; XL; 2XL; 3XL,7,from $26.99,,https://buckedupapparel.com/collections/new-products/products/short-sleeve-navy-blue-gill-buckedup-hunting-t-shirt
,,Short Sleeve Orange Blue Gill BuckedUp Hunting T-Shirt,Orange; S; M; L; XL; 2XL; 3XL,7,from $26.99,,https://buckedupapparel.com/collections/new-products/products/short-sleeve-orange-blue-gill-buckedup-hunting-t-shirt
,,Short Sleeve White Natural Hunter Logo T-Shirt,White; S; M; L; XL; 2XL; 3XL,7,from $26.99,,https://buckedupapparel.com/collections/new-products/products/short-sleeve-white-natural-hunter-logo-t-shirt
,,Short Sleeve with BuckedUpź Florida Flag Logo Softstyle T-Shirt,S; M; L; XL; 2XL; 3XL; Charcoal; Black,8,from $26.99,,https://buckedupapparel.com/collections/new-products/products/short-sleeve-with-white-buc-edup-buckedup-logo-softstyle-t-shirt
,,Short Sleeve Woody BuckedUpź Logo T-shirt,Dark Chocolate; Black; S; M; L; XL; 2XL; 3XL,8,from $26.99,,https://buckedupapparel.com/collections/new-products/products/short-sleeve-woody-buckedup-logo-t-shirt-1
,,Swamp Duck Camo BuckedUp Pullover Hoodie,XS; S; M; L; XL; 2XL,6,from $69.99,,https://buckedupapparel.com/collections/new-products/products/copy-of-pink-duck-camo-buckedup-pullover-hoodie
,,Teal Duck Camo BuckedUp Pullover Hoodie,XS; S; M; L; XL; 2XL,6,from $69.99,,https://buckedupapparel.com/collections/new-products/products/teal-duck-camo-buckedup-pullover-hoodie
,,White Duck Camo BuckedUp Pullover Hoodie,XS; S; M; L; XL; 2XL,6,from $69.99,,https://buckedupapparel.com/collections/new-products/products/white-duck-camo-buckedup-pullover-hoodie
,,Wooden BuckedUp wallet with RFID Blocking,Brown,1,$29.99,,https://buckedupapparel.com/collections/new-products/products/wooden-buckedup-wallet-with-rfi-blocking
,     Bags & Bookbags,,,,,,
,,Bucked Up Backpack - 25L,Cream / Cream; Black / Black,2,$62.99,,https://www.buckedup.com/shop/bags-and-bookbags/buckedup-backpack
,,Duffel Bag,,,$36.99,,https://www.buckedup.com/shop/bags-and-bookbags/bucked-up-duffel-bag
,,Puffer Tote Gym Bag,Bucked Up - Black; Bucked Up - Pastel Blue,2,$57.99,,https://www.buckedup.com/shop/bags-and-bookbags/puffer-tote-bag
,     Bucked Up Accessories,,,,,,
,,Energy Crew Socks,Heather Gray - White Logo; White - Black Logo; Men's sizes 8-12,3,$12.99,,https://www.buckedup.com/shop/accessories/energy-crew-sock-single-pack
,,Keychain,Signature logo key chain,1,$2.99,,https://www.buckedup.com/shop/accessories/bucked-up-keychain
,,Wristbands,Silicon Bracelet,1,$1.99,,https://www.buckedup.com/shop/accessories/bucked-up-wristbands
,     Fitness Gear,,,,,,
,,Comp Ankle Strap,,,$15.99,,https://www.buckedup.com/shop/fitness-gear?product_id=1208
,,Gym Towel,"16.5"" W x 23"" L",1,$7.99,,https://www.buckedup.com/shop/fitness-gear/bucked-up-gym-towel
,,Jump Rope,,,$20.99,,https://www.buckedup.com/shop/fitness-gear/bucked-up-jump-ropes
,,Leather Lifting Grips,,,$34.99,,https://www.buckedup.com/shop/fitness-gear/leather-lifting-grips
,     Hats & Headwear,,,,,,
,,Baseball Snapback - Mid profile,Beige Body / Black Brim | Black Logo; White Body / Black Brim | Black Logo; White Body / White Brim | Black Logo; Black Body / Black Brim | White Logo,4,$34.99,,https://www.buckedup.com/shop/hats-and-headwear/5-panel-mid-profile-baseball-cap
,,Buck 5-Panel Mid Profile Baseball Hat,Black / Black Logo; White / Black Logo,2,$21.99,,https://www.buckedup.com/shop/hats-and-headwear/buck-5-panel-mid-profile-baseball-hat
,,Premium Series Hat - Buck Logo,White | White/Black Logo; Black | Black/White Logo; Tan Camo | Tan/Black Logo; White Camo | White/Black Logo; Teal Camo | Teal/Black Logo (Out of Stock); Charcoal Gray | Gray/Dark Gray Logo (Out of Stock); Navy | White/Navy Logo (Out of Stock),7,$41.99,,https://www.buckedup.com/shop/hats-and-headwear/premium-waterproof-hat
,,Premium Series Hat - Fairway,Fossil Gray / White Logo; Arctic Blue / White Logo; Sage Grey / White Logo; White / Black Logo; Black / White Logo,5,$31.99,NEW,https://www.buckedup.com/shop/hats-and-headwear/fairway-finder-golf-hat
,,Premium Series Hat - Flat brim,Tan Camo | Tan/Black Logo,1,$41.99,,https://www.buckedup.com/shop/hats-and-headwear/Premium-Waterproof-Hat-Flat-Brim
,,Premium Series Hat - GBU Logo,Blue - White/Blue Logo; Teal - Orange/Teal Logo; Multicolor - Red/White Logo,3,$39.99,NEW,https://www.buckedup.com/shop/hats-and-headwear/premium-series-hat-gbu-logo
,,Premium Series Hat - Neon,Neon Yellow - Black Logo; Neon Orange - Black Logo; Neon Pink - Logo,3,$34.99,NEW,https://www.buckedup.com/shop/hats-and-headwear/premium-series-hat-neon
,,Trucker Hat - Camo,Green Camo - Orange Embroidered Logo; Green Camo - Pink Embroidered Logo,2,$31.99,,https://www.buckedup.com/shop/hats-and-headwear/buck-mode-camo-trucker-hat
,,Trucker Hat - Foam 10 year,White/Blue/Red - Flag Logo; White/Blue - Flag Logo,2,$29.99,NEW,https://www.buckedup.com/shop/hats-and-headwear/trucker-hat-foam-10-year
,,Trucker Hat - Lifestyle,All Black/Black Mesh - Black Logo,1,$36.99,,https://www.buckedup.com/shop/hats-and-headwear/lifestyle-trucker-hat
,     Mens Pants,,,,,,
,,Athletic Joggers,Color: Black / Black Logo; Color: Blue / Black Logo; Color: Gray / Black Logo; Size: S; Size: M; Size: L; Size: XL; Size: 2XL; Size: 3XL,9,$52.99,,https://www.buckedup.com/athletic-joggers
,,Basic Joggers - Men's,Color: Black - White Logo; Color: Gray - Black Logo; Size: S; Size: M; Size: L; Size: XL; Size: 2XL,7,$62.99,,https://www.buckedup.com/basic-joggers-mens
,,Staple Pants,Color: Navy Blue - Navy Logo; Color: Black - Black Logo; Size: S; Size: M; Size: L; Size: XL; Size: 2XL,7,$54.99,NEW,https://www.buckedup.com/mens-staple-pants
,     Mens Shorts,,,,,,
,,Birdie Golf Shorts,"Cement Gray / Black Logo (30, 32, 34, 36, 38); Black / Gray Logo (30, 32, 34, 36, 38); Khaki / Black Logo (30, 32, 34, 36, 38)",3,$55.99,,https://www.buckedup.com/shop/mens-shorts/the-birdie-shorts
,,Buck Swim Shorties,"Black - Yellow Logo (S, M, L, XL, 2XL); Neon Orange - Black Logo (S, M, L, XL, 2XL); Neon Pink - Black Logo (S, M, L, XL, 2XL)",3,$34.99,NEW,https://www.buckedup.com/shop/mens-shorts/buck-swim-shorties-mens
,,"Endurance Liner Short 5\""","Black / Gray Logo (S, M, L, XL, 2XL); Gray / Black Logo (S, M, L, XL, 2XL)",2,$45.99,,https://www.buckedup.com/shop/mens-shorts/endurance-liner-shorts
,,Liner Shorts,"Cloud Gray / Black Logo (S, M, L, XL, 2XL); Black / Silver Logo (S, M, L, XL, 2XL); Gray / Black Logo (S, M, L, XL, 2XL)",3,$31.99,,https://www.buckedup.com/shop/mens-shorts/bucked-up-liner-shorts
,,"Mesh Short 5\""","Black / White Logo (S, M, L, XL, 2XL); Cloud Gray / White Logo (S, M, L, XL, 2XL)",2,$31.99,,https://www.buckedup.com/shop/mens-shorts/5-inch-mesh-shorts
,,"Training Short 5.5\""","Black (S, M, L, XL, 2XL)",1,$31.99,,https://www.buckedup.com/shop/mens-shorts/5.5-inch-training-shorts-mens
,     Mens Sweater & Jackets,,,,,,
,,Athletic Hoodie,"Color: Army Green / Black Logo, Black / Black Logo, Light Gray / Black Logo; Size: S, M (Out of Stock), L, XL (Out of Stock), 2XL (Out of Stock)",2,$49.99,,https://www.buckedup.com/shop/mens-sweater-and-jackets/athletic-hoodie
,,Essential Hoodie,"Color: Navy - White logo, Black - White logo; Size: S, M, L (Out of Stock), XL (Out of Stock), 2XL (Out of Stock)",2,$24.99 $49.99,,https://www.buckedup.com/shop/mens-sweater-and-jackets/essential-hoodie
,,Heavyweight Hoodie,"Color: Black - Black Logo, Gray - Gray Logo, Espresso Brown - Brown Logo; Size: S (Out of Stock), M, L, XL (Out of Stock), 2XL (Out of Stock)",2,$49.99 $69.99,,https://www.buckedup.com/shop/mens-sweater-and-jackets/heavyweight-cotton-hoodie
,     Mens Tops,,,,,,
,,Active Long Sleeve,S; M (Out of Stock); L (Out of Stock); XL (Out of Stock); 2XL (Out of Stock),5,$54.99,NEW,https://www.buckedup.com/shop/mens-tops/active-long-sleeve
,,Active T-Shirt 2.0,Black - Black Logo; Cement Gray - Black Logo; Cloud Gray - Black Logo; S; M; L; XL; 2XL (Out of Stock),8,$49.99,NEW,https://www.buckedup.com/shop/mens-tops/active-t-shirt-2-0
,,Boxy Camo T-Shirt,Gray - White Logo; Tan - White Logo; S; M; L; XL; 2XL,7,$52.99,,https://www.buckedup.com/shop/mens-tops/boxy-camo-t-shirt
,,Fairway Polo Shirt,Orange Houndstooth - Orange Logo; Purple Houndstooth - Purple Logo; Cloud Gray - Cloud Gray Logo; Black - Black Logo; S; M; L; XL; 2XL,9,$59.99,NEW,https://www.buckedup.com/shop/mens-tops/fairway-performance-golf-polo
,,Flag T-Shirt,Black / Blue Logo; Black / Red Logo; White / Red Logo; Military Green / Black Logo; Heather Dk Gray / Black Logo; Heather Blue / White Logo; Black / White Logo; White / American Logo; S; M; L; XL; 2XL; 3XL,14,$19.99,,https://www.buckedup.com/shop/mens-tops/flag-t-shirt
,,Get Pumped Tank,Black - Black Logo; Cloud Gray - Black Logo; Blue - Black Logo; S; M; L; XL; 2XL,8,$29.99,,https://www.buckedup.com/shop/mens-tops/Get-Pumped-Tank
,,Heavyweight Pump Cover T-Shirt,Cloud Gray / Gray Color; Black / Gray Color; S; M; L; XL (Out of Stock); 2XL (Out of Stock),7,$39.99,,https://www.buckedup.com/shop/mens-tops/heavyweight-pump-cover-t-shirt
,,Men's Luxe T-Shirt,Cement Gray - White Logo; Black - White Logo; Navy - White Logo; S; M; L; XL; 2XL,8,$34.99,,https://www.buckedup.com/shop/mens-tops/luxe-t-shirt
,,Power Tank,Gray / Gray Logo; Black / Black Logo; S; M; L; XL; 2XL,7,$34.99,NEW,https://www.buckedup.com/shop/mens-tops/Power-Tank
,,Y-Back Stringer Tank,Black | White Logo; S; M; L; XL; 2XL (Out of Stock),6,$26.99,,https://www.buckedup.com/shop/mens-tops/y-back-stringer
,     Shaker Bottles & Cups,,,,,,
,,Bucked Up Insulated Stainless Steel Shaker Bottle  27oz,Red; Matte Black,2,$29.99,,https://www.buckedup.com/shop/shaker-bottles-and-cups/bucked-up-insulated-steel-shaker-bottle
,,Build your own Perfect Shaker Pack (7 bottles),"Custom selection of 7 bottles (options include: Black - Red Logo, etc.)",1,$62.99,,https://www.buckedup.com/shop/shaker-bottles-and-cups/bulk-shaker-supply
,,Funnel,Pre-Workout Funnel - Small; Protein Funnel - Large,2,$5.99,,https://www.buckedup.com/shop/shaker-bottles-and-cups/bucked-up-funnel-bottles
,,Keychain Funnel,Black; Yellow; Pink; Red,4,$5.99,,https://www.buckedup.com/shop/shaker-bottles-and-cups/key-chain-funnel
,,Ocean Shaker - 28oz,Black; White,2,$9.99,,https://www.buckedup.com/shop/shaker-bottles-and-cups/ocean-shaker
,,Perfect Shaker - 28 oz,White / USA Flag Logo; Black / Gray; Black / White; Red / White; White / Red; Black / Blue Logo; Black / Red Logo; Neon Pink,8,$9.99,,https://www.buckedup.com/shop/shaker-bottles-and-cups/perfect-shaker
,     Womens Leggings & Pants,,,,,,
,,In Motion Seamless Leggings,"Red / White Logo (XS, S, M, L, XL); Black / White Logo (XS, S, M, L, XL); Royal Blue / White Logo (XS, S, M, L, XL)",3,$49.99,,https://www.buckedup.com/shop/womens-leggings-and-pants/in-motion-leggings
,,Off Duty Straight Leg Sweatpants,"Washed Blue - White Logo (S, M, L, XL, 2XL); Washed Gray - White Logo (S, M, L, XL, 2XL); Black - White Logo (S, M, L, XL, 2XL)",3,$73.99,,https://www.buckedup.com/shop/womens-leggings-and-pants/off-duty-straight-leg-sweatpants
,,Rosewood Straight Leg Sweatpants,"Brown - White logo (XS, S, M, L, XL); Maroon - White logo (XS, S, M, L, XL)",2,$57.99,,https://www.buckedup.com/shop/womens-leggings-and-pants/rosewood-straight-leg-sweatpants
,,Scrunch Leggings,"Coco - Coco Logo (XS, S, M, L, XL); Black - Black Logo (XS, S, M, L, XL)",2,$41.99,NEW,https://www.buckedup.com/shop/womens-leggings-and-pants/scrunch-leggings
,,Varsity Wide Leg Sweatpants,"Royal Blue - White Logo (S, M, L, XL, 2XL); Heather Gray - White Logo (S, M, L, XL, 2XL)",2,$68.99,NEW,https://www.buckedup.com/shop/womens-leggings-and-pants/varsity-wide-leg-sweatpants
,n/a,Women's Straight Leg Sweatpants,"Black (XS, S, M, L, XL); Heather Gray (XS, S, M, L, XL)",2,$62.99,,https://www.buckedup.com/shop/womens-leggings-and-pants/Women's-Straight-Leg-Sweatpants
,     Womens Shorts,,,,,,
,,"Base Short 4""",Barbie / Silver Logo; Electric / Silver Logo; Candy / Silver Logo; Orange / Silver Logo; Black / Silver Logo; Blue / White Logo; Black / Tan Logo; Maroon / White Logo; Gray / White Logo; XS (Out of Stock); S (Out of Stock); M; L; XL,14,$31.99,NEW,https://www.buckedup.com/shop/womens-shorts/4-inch-bikeshorts
,,In Motion Seamless Shorts,Red / White Logo; Black / Gray Logo; Royal Blue / White Logo; Ecru / Tan Logo; XS; S; M; L (Out of Stock); XL,9,$39.99,,https://www.buckedup.com/shop/womens-shorts/in-motion-shorts
,,Lounge Shorts,Pale Green / Green Logo; Pink / Pink Logo; Navy / Navy Logo; Misty Blue / Blue Logo; Tan / Tan Logo; Black / Silver Logo; S (Out of Stock); M; L (Out of Stock); XL (Out of Stock),10,$36.99,NEW,https://www.buckedup.com/shop/womens-shorts/bucked-up-lounge-short
,,"Ribbed Bike Short 5""",Red - Red Logo; Seafoam Green - Green Logo; Bright Pink - Pink Logo; XS (Out of Stock); S (Out of Stock); M; L; XL (Out of Stock),8,$34.99,NEW,https://www.buckedup.com/shop/womens-shorts/ribbed-bike-short-5-inch
,,"Sculpt Short 5""",Steel Blue - Silver Logo; Black - Silver Logo; XS; S (Out of Stock); M (Out of Stock); L; XL,7,$34.99,NEW,https://www.buckedup.com/shop/womens-shorts/sculpt-5-inch-shorts
,     Womens Sport Bras,,,,,,
,,In Motion Seamless Sports Bra,XS; S; M; L; XL; Black / Gray Logo; Red / White Logo; Royal Blue / White Logo; White / White Logo; Pink / Pink Logo,10,$39.99,,https://www.buckedup.com/shop/womens-sport-bras/in-motion-bra
,,Ribbed Sports Bra,XS; S; M; L; XL; Red - Red Logo; Bright Pink - Pink Logo; Dark Forest / Silver Logo; Black / Silver Logo; Seafoam / Silver Logo,10,$39.99,NEW,https://www.buckedup.com/shop/womens-sport-bras/ribbed-sports-bra
,,Scrunch Bra,S; M; L; XL; Coco - Coco Logo; Black - Silver Logo,6,$36.99,,https://www.buckedup.com/shop/womens-sport-bras/scrunch-sports-bra-womens-activewear
,,Sculpt Plunge Sports Bra,XS; S; M; L; XL; Black - Silver Logo; Steel Blue - Silver Logo,7,$39.99,NEW,https://www.buckedup.com/shop/womens-sport-bras/sculpt-plunge-sports-bra
,     Womens Sweater & Jackets,,,,,,
,,Off Duty Half Zip,Washed Blue - Blue Logo; Black - Black Logo; Grey - Grey Logo; Small (Out of Stock); Medium; Large; XL; 2XL,8,$78.99,,https://www.buckedup.com/shop/womens-sweater-and-jackets/off-duty-half-zip-vintage-wash
,,Rosewood Hoodie,Brown - White Logo; Maroon - White Logo; XS; Small; Medium; Large; XL,7,$51.99,,https://www.buckedup.com/shop/womens-sweater-and-jackets/rosewood-hoodie
,,Varsity Crewneck,Royal Blue - White Logo; Small (Out of Stock); Medium; Large; XL; 2XL,6,$57.99,NEW,https://www.buckedup.com/shop/womens-sweater-and-jackets/varsity-crewneck-sweatshirt
,     Womens Tops,,,,,,
,,American Made T-Shirt,2X-Large,1,$49.99,,https://www.buckedup.com/shop/womens-tops/american-made-eagle-graphic-tee
,,Babe Ribbed Lounge Long Sleeve,S; M; L; XL,4,$27.99,NEW,https://www.buckedup.com/shop/womens-tops/babe-lounge-ribbed-long-sleeve
,,Cropped Muscle Tank,Black / Silver Logo (Out of Stock); Small (Out of Stock); Medium (Out of Stock); Large (Out of Stock),4,$22.99,,https://www.buckedup.com/shop/womens-tops/bu-muscle-tank-tops
,,In Motion Seamless Tank,Black / Gray Logo; Red / Gray Logo; Blue / Gray Logo; White / Gray Logo; XS; S; M; L; XL,9,$39.99,,https://www.buckedup.com/shop/womens-tops/in-motion-tank
,,Ribbed Racerback Tank,Black / Silver Logo; S; M; L; XL,5,$26.99,,https://www.buckedup.com/shop/womens-tops/ribbed-racerback-tank
,,,,,,,
,Legend,,,,,,
,? Best Seller,Ranked on buckedup.com Top Sellers page (muted green),,,,,
,NEW,Listed on buckedup.com New Releases page (saffron),,,,,
,CLEARANCE,Clearance & Last Chance category (amber),,,,,
,# Var,Number of flavor/size/color variants available,,,,,
,,No data / not applicable,,,,,
,,,,,,,
,,,,,,,
,,,,,,,
